{"cameraMode":{"drawMode":0,"name":"Shaded","section":"Shading Mode"},"sceneLighting":false,"audioPlay":false,"sceneViewState":{"showFog":true,"showMaterialUpdate":true,"showSkybox":false,"showFlares":true,"showImageEffects":true,"showParticleSystems":true},"in2DMode":false,"pivot":{"x":10.960103988647461,"y":0.10122525691986084,"z":-2.528338670730591},"rotation":{"x":0.5739038586616516,"y":-0.015966491773724557,"z":0.011192545294761658,"w":0.8186905980110169},"size":1.4461506605148316,"orthographic":false}