{"cameraMode":{"drawMode":0,"name":"Shaded","section":"Shading Mode"},"sceneLighting":false,"audioPlay":false,"sceneViewState":{"showFog":true,"showMaterialUpdate":true,"showSkybox":false,"showFlares":true,"showImageEffects":true,"showParticleSystems":true},"in2DMode":false,"pivot":{"x":10.754228591918946,"y":0.8129982948303223,"z":-5.502245903015137},"rotation":{"x":-0.21154296398162843,"y":-0.6321370601654053,"z":0.1852036714553833,"w":-0.7220613360404968},"size":8.302919387817383,"orthographic":false}