{"cameraMode":{"drawMode":0,"name":"Shaded","section":"Shading Mode"},"sceneLighting":true,"audioPlay":false,"sceneViewState":{"showFog":true,"showMaterialUpdate":true,"showSkybox":true,"showFlares":true,"showImageEffects":true,"showParticleSystems":true},"in2DMode":false,"pivot":{"x":-13.100778579711914,"y":-7.282961845397949,"z":29.085914611816408},"rotation":{"x":-0.19104371964931489,"y":-0.23362472653388978,"z":0.04687396064400673,"w":-0.9522314071655273},"size":16.440608978271486,"orthographic":false}